id,first_name,last_name,username,password,profile_image,date_created,date_modified
1,Washington,Wenban,wwenban0,xApl0AzKU,http://dummyimage.com/171x185.png/5fa2dd/ffffff,2021-12-16T00:06:55Z,2021-12-26T00:06:55Z
2,Norene,Cobon,ncobon1,8TtbpFb,http://dummyimage.com/179x107.png/5fa2dd/ffffff,2021-07-03T17:33:43Z,2021-07-11T17:33:43Z
3,Kissie,Pretious,kpretious2,NgBvnPNct99E,http://dummyimage.com/123x176.png/cc0000/ffffff,2021-06-05T12:50:31Z,2021-06-11T12:50:31Z
4,Merle,Enders,menders3,5LQUBQwJ,http://dummyimage.com/190x184.png/dddddd/000000,2021-10-27T00:04:16Z,2021-11-10T00:04:16Z
5,Bobette,Redhills,bredhills400,$2a$10$SuLvWM799Ln63DSp1IovVOW0McBk3RRwEJFJ1vAciS/KSQ.wH7Hr6,http://dummyimage.com/205x107.png/cc0000/ffffff,2022-04-23T04:01:43Z,2022-05-05T02:40:55.144510657-04:00
6,Roy,Barnes,roy90boy,$2a$10$1ThpEZgplsAP8O88VsL2fevSJTvkHgpViaLeUba8vYxbRnS./fIxK,,2022-05-04T21:54:32.675181711-04:00,2022-05-04T21:54:32.675181819-04:00
7,Leroy,Jenkins,leroyjenkins19,$2a$10$SqLtDMw32zCjUcLp/NJHh.NjMaq93N.56V57RZgUxxz2EyyRLyQoy,https://picsum.photos/id/1/200/300,2022-05-04T22:16:34.454315913-04:00,2022-05-05T02:24:20.030695723-04:00
8,Victor,Gendry,vicgendry2000,$2a$10$5aUdR0.UiJVFkBCP4HeWIORToPEqWJmp0IkmpV6JzvPBCOKsLk87m,,2022-05-05T02:44:12.363095499-04:00,2022-05-05T02:44:12.36309562-04:00
9,Ash,Ketchum,ashketchuym2000,$2a$10$LVmKm.yxM38nYrbODfiMdep8NzdfNaV54wWno8HwJZeCHVqxXu06K,,2022-05-05T07:18:29.0434181-04:00,2022-05-05T07:18:29.043418203-04:00
